Designator,Mid X,Mid Y,Layer,Rotation
C1,106.040000mm,-135.900000mm,Top,-90
C2,113.663000mm,-130.039000mm,Top,180
C3,114.575000mm,-133.368000mm,Top,180
C4,115.318000mm,-135.411000mm,Top,180
C5,123.400000mm,-135.332000mm,Top,0
C6,117.950000mm,-140.835000mm,Top,0
C7,125.890000mm,-114.681000mm,Top,0
C8,125.148000mm,-120.449000mm,Top,180
C9,128.809000mm,-113.261000mm,Top,180
C10,136.978000mm,-127.159000mm,Top,-90
C11,141.187000mm,-127.207000mm,Top,-90
C12,145.335000mm,-114.484000mm,Top,0
C13,130.414000mm,-110.581000mm,Top,90
C14,133.497000mm,-128.203000mm,Top,-90
C15,139.202000mm,-128.230000mm,Top,-90
C16,145.964000mm,-116.545000mm,Top,0
C17,126.418000mm,-123.948000mm,Top,-90
C18,128.697000mm,-125.322000mm,Top,180
C19,128.670000mm,-123.783000mm,Top,180
C20,136.668000mm,-110.710000mm,Top,-90
C21,140.245000mm,-106.750000mm,Top,0
C22,136.890000mm,-108.550000mm,Top,180
C23,161.240000mm,-114.510000mm,Top,-90
C24,162.352000mm,-107.039000mm,Top,90
C25,165.375000mm,-111.250000mm,Top,0
C26,147.217000mm,-131.125000mm,Top,90
C27,127.300000mm,-102.900000mm,Top,0
C28,150.721000mm,-126.575000mm,Top,180
C29,149.917000mm,-128.681000mm,Top,180
C30,129.400000mm,-104.200000mm,Top,-90
C31,133.440000mm,-106.900000mm,Top,-90
C32,133.000000mm,-101.350000mm,Top,180
C33,130.885000mm,-126.831000mm,Top,180
D1,129.077000mm,-130.496000mm,Top,180
D2,121.130000mm,-141.435000mm,Top,180
D3,145.773000mm,-119.750000mm,Top,0
FB1,117.696000mm,-134.921000mm,Top,-90
FB2,128.134000mm,-120.598000mm,Top,0
J3,149.000000mm,-140.720000mm,Top,0
J4,133.000000mm,-141.300000mm,Top,0
J5,167.080000mm,-129.300000mm,Top,0
L1,122.000000mm,-138.500000mm,Top,0
R1,113.851000mm,-136.993000mm,Top,180
R2,128.602000mm,-114.770000mm,Top,0
R3,117.951000mm,-142.593000mm,Top,0
R4,135.096000mm,-110.856000mm,Top,90
R5,134.208000mm,-134.322000mm,Top,90
R6,135.788000mm,-134.363000mm,Top,90
R7,149.013000mm,-120.032000mm,Top,180
R8,137.500000mm,-102.870000mm,Top,-90
R9,160.769000mm,-107.067000mm,Top,-90
R10,152.925000mm,-134.875000mm,Top,90
R11,138.343000mm,-110.547000mm,Top,-90
R12,116.887000mm,-107.635000mm,Top,0
R13,129.355000mm,-107.200000mm,Top,180
R33,129.400000mm,-101.600000mm,Top,-90
R34,117.700000mm,-131.600000mm,Top,90
R35,128.849000mm,-122.340000mm,Top,180
SW1,158.500000mm,-140.150000mm,Top,90
U1,117.000000mm,-138.500000mm,Top,0
U2,137.000000mm,-119.000000mm,Top,0
U3,131.000000mm,-133.930000mm,Top,0
U4,137.000000mm,-106.000000mm,Top,0
U5,162.000000mm,-110.500000mm,Top,0
U6,150.000000mm,-133.000000mm,Top,0
U7,123.000000mm,-107.000000mm,Top,0
U8,158.220000mm,-126.000000mm,Top,0
U9,132.300000mm,-104.200000mm,Top,0
Y1,127.500000mm,-117.500000mm,Top,180
