Comment,Designator,Footprint,LCSC Part #
22uF/25V (CL32A226KAJNNNE 25V X5R),"C1,C2",C_1210_3225Metric,C52306
10uF/25V (CL21A106KAYNNNE 25V X5R),C3,C_0805_2012Metric,C15850
100nF/50V (CL05B104KO5NNNC 16V X7R),C4,C_0402_1005Metric,C1525
22uF/16V (CL21A226MAQNNNE 25V X5R),C5,C_0805_2012Metric,C45783
100nF (CL05B104KO5NNNC 16V X7R),"C6,C9,C10,C11,C12,C13,C19,C20,C21,C24,C25,C26,C27,C28,C33",C_0402_1005Metric,C1525
12pF (0402CG120J500NT 50V C0G),"C7,C8",C_0402_1005Metric,C1547
4.7uF (CL21A475KAQNNNE 25V X5R),"C14,C32",C_0805_2012Metric,C1779
2.2uF (CL21B225KAFNNNE 25V X7R),"C15,C16",C_0805_2012Metric,C19110
1uF (CL10A105KA8NNNC 25V X5R),"C17,C30",C_0603_1608Metric,C5673
10nF (CL05B103KB5NNNC 50V X7R),"C18,C31",C_0402_1005Metric,C15195
2.2uF (CL10A225KO8NNNC 16V X5R),C22,C_0603_1608Metric,C23630
10uF SET/RESET (CL21A106KAYNNNE 25V X5R),C23,C_0805_2012Metric,C15850
10uF (CL21A106KAYNNNE 25V X5R),C29,C_0805_2012Metric,C15850
SS14 (B5819W SL 40V 1A SOD-123),D1,D_SOD-123,C8598
green (KT-0603G),D2,LED_0603_1608Metric,C12624
"blue (any 0603 blue, Vf <= 3.0 V)",D3,LED_0603_1608Metric,
600R@100MHz 2A (GZ2012D601TF 600R 0.5A),FB1,L_0805_2012Metric,C1017
600R@100MHz (GZ1608D601TF 600R 0.2A),FB2,L_0603_1608Metric,C1002
SWD (ARM 10-pin 1.27mm) (X1270WVS-2x05B-9TV01),J3,PinHeader_2x05_P1.27mm_Vertical_SMD,C2962219
USB-C (TYPE-C-31-M-12),J4,USB_C_Receptacle_HRO_TYPE-C-31-M-12,C165948
u.FL GNSS ant (U.FL-R-SMT-1(10)),J5,U.FL_Hirose_U.FL-R-SMT-1_Vertical,C88373
2.2uH (LQH32PN2R2NN0L 1.55A),L1,L_1210_3225Metric,C86074
100k (0402WGF1003TCE),"R1,R2,R34",R_0402_1005Metric,C25741
1k (0402WGF1001TCE),"R3,R7",R_0402_1005Metric,C11702
10k (0402WGF1002TCE),"R4,R8,R9,R10,R11,R12,R13",R_0402_1005Metric,C25744
5.1k (0402WGF5101TCE),"R5,R6",R_0402_1005Metric,C25905
10 (0402WGF100JTCE 10R),R33,R_0402_1005Metric,C25077
33k (0402WGF3302TCE),R35,R_0402_1005Metric,C25779
reset (TL3342F160QG),SW1,SW_SPST_TL3342,C2886898
TPS62162DSGT (TPS62162DSGT),U1,Texas_DSG0008A_WSON-8-1EP_2x2mm_P0.5mm_EP0.9x1.6mm,C2863597
STM32F405RGT6 (STM32F405RGT6),U2,LQFP-64_10x10mm_P0.5mm,C15742
USBLC6-2SC6 (USBLC6-2SC6),U3,SOT-23-6,C7519
ICM-42688-P (ICM-42688-P),U4,LGA-14_3x2.5mm_P0.5mm_LayoutBorder3x4y,C1850418
MMC5983MA (MMC5983MA),U5,MMC5983MA_LGA-16_3x3mm_P0.5mm,C404329
MS5611-01BA03 (MS561101BA03-50),U6,LGA-8_3x5mm_P1.25mm,C15639
W25Q128JVSIQ (W25Q128JVSIQ),U7,SOIC-8_5.3x5.3mm_P1.27mm,C97521
MAX-M10S (MAX-M10S-00B),U8,ublox_MAX,C4153167
LP2985-33DBVR (LP2985-33DBVR),U9,SOT-23-5,C95414
8MHz (X32258MOB4SI 8MHz 12pF),Y1,Crystal_SMD_3225-4Pin_3.2x2.5mm,C2682775
